0,-276.31885,-69.674
1,-224.81492,-75.493
2,-188.222805,-57.977
3,-165.204325,-58.267
4,-124.902155,-35.252
5,-104.526575,-35.286
6,-91.590055,-20.562
7,-77.849755,-17.111
8,-65.092705,-12.67
9,-56.91366,-7.558
10,-41.52918,-5.904
11,-31.161095,-7.403
12,-28.404715,-5.932
13,-17.92791,-6.901
14,-15.850125,-5.063
15,-13.90281,-2.576
16,-11.343145,-1.386
17,-10.95455,-0.395
18,-9.59232,-0.982
19,-8.174365,-0.037
20,-6.098505,-0.201
21,-4.871215,0.639
22,-4.41481,1.865
23,-3.794475,1.625
24,-3.815385,1.53
25,-2.33786,1.905
26,-1.3275,1.945
27,-0.660205,2.045
28,0.361815,2.136
29,-0.057,2.2
30,0.66716,2.16
31,0.626845,2.27
32,0.950445,2.355
33,0.77619,2.215
34,0.69214,2.31
35,0.832805,2.17
36,0.980615,2.665
37,1.01293,2.19
38,0.85566,2.145
39,1.00969,2.675
40,1.003305,2.407
41,0.953585,2.921
42,1.13368,2.935
43,1.288295,2.44
44,1.008245,2.435
45,1.26262,2.87
46,1.53641,3.17
47,1.60645,3.15
48,1.655575,3.315
49,1.582395,3.336
50,1.68826,3.885
51,2.083345,4.001
52,2.231735,4.235
53,2.548165,4.285
54,2.468515,4.315
55,2.9986,4.551
56,2.75472,4.58
57,3.251035,4.557
58,2.90308,4.585
59,3.250035,4.53
60,2.595605,4.825
61,3.29757,4.7
62,3.50869,4.695
63,3.685,4.8
64,3.28228,4.545
65,3.815875,5.01
66,3.61316,5.105
67,3.87582,4.83
68,3.77541,4.9
69,3.49109,5.16
70,3.937115,5.07
71,3.518465,6.325
72,3.830685,6.09
73,3.92222,6.365
74,3.967675,6.095
75,4.09942,5.6
76,4.4054,6.375
77,4.13788,6.04
78,4.460905,6.13
79,4.152505,6.42
80,4.221605,6.16
81,4.56463,6.16
82,4.693565,6.65
83,4.95657,6.825
84,4.514115,7.575
85,5.099575,7.305
86,5.136665,7.74
87,5.30668,7.925
88,5.15257,7.42
89,4.600715,7.257
90,5.42469,7.675
91,5.1529,8.458
92,5.292455,9.415
93,5.659075,9.62
94,5.77445,8.205
95,5.883985,7.74
96,5.09015,7.74
97,5.4818,8.145
98,6.140185,7.871
99,5.74595,7.975
100,6.464475,8.265
101,6.358275,8.275
102,6.54933,8.88
103,6.77348,8.64
104,6.863765,9.13
105,6.38883,9.24
106,7.17333,9.861
107,7.365455,9.865
108,7.22022,9.59
109,7.707185,10.08
110,7.81296,10.315
111,7.795865,10.455
112,8.31431,10.175
113,7.928855,11.09
114,8.361125,10.58
115,8.74917,10.932
116,8.596635,11.155
117,9.145665,10.835
118,9.26484,13.52
119,8.790005,11.675
120,7.38848,11.555
121,9.38346,11.958
122,9.47052,11.905
123,9.396925,12.28
124,9.640605,11.87
125,9.80334,12.035
126,9.695725,12.44
127,9.930275,12.235
128,9.990385,12
129,9.77561,12.245
130,9.932245,12.676
131,9.85382,12.881
132,9.89268,12.645
133,10.71866,12.975
134,10.630155,13.255
135,10.878105,13.125
136,10.927275,13.97
137,9.31897,13.75
138,10.794845,14.59
139,11.180185,13.835
140,10.984615,13.72
141,11.084,15.26
142,11.51875,14.78
143,11.87327,15.21
144,11.457575,14.395
145,11.095405,15.875
146,12.077215,15.325
147,11.82297,16.32
148,12.68476,17.755
149,12.885955,16.696
150,13.238995,18.16
151,13.1048,17.765
152,14.31971,18.63
153,14.73743,18.64
154,14.32908,19.343
155,14.37745,18.355
156,14.753795,18.805
157,14.859325,19.545
158,15.6289,20.006
159,15.852845,18.79
160,15.542335,20.465
161,15.791165,19.775
162,15.678655,20.34
163,16.42999,20.735
164,16.412745,20.485
165,16.087165,19.967
166,15.383725,21.842
167,17.158435,21.18
168,17.47541,20.955
169,17.41934,21.755
170,17.60451,23.811
171,18.231515,22.39
172,18.482445,22.065
173,18.5313,25.146
174,19.2219,24.3
175,19.13248,23.411
176,19.15383,25.303
177,19.985455,26.192
178,19.987135,24.57
179,20.21606,26.32
180,19.850885,28.634
181,19.999445,28.658
182,20.707135,26.368
183,20.799495,28.179
184,20.616265,27.701
185,20.01192,28.823
186,21.071205,28.431
187,22.023615,29.869
188,20.59346,30.506
189,23.08477,28.632
190,22.41438,30.014
191,23.2673,31.409
192,24.245935,31.934
193,24.99386,34.795
194,25.329075,33.66
195,25.803915,36.45
196,26.840645,34.385
197,27.41189,35.883
198,26.47905,34.332
199,27.534055,35.166
200,27.859965,35.985
201,28.96685,36.547
202,28.40129,37.95
203,28.886045,36.58
204,30.100035,36.505
205,30.026915,38.41
206,29.48289,37.67
207,30.904145,37.722
208,31.95496,38.44
209,31.8266,37.825
210,32.83622,38.535
211,32.433195,39.235
212,33.073135,38.79
213,33.61951,39.065
214,33.11465,38.45
215,34.345815,39.16
216,34.69045,40.76
217,34.89695,39.83
218,35.012815,39.97
219,34.51237,38.905
220,34.00437,39.585
221,34.51708,39.85
222,35.20782,40.415
223,35.44016,41.115
224,35.311815,40.785
225,35.91416,41.55
226,35.143065,41.39
227,35.358485,41.68
228,35.20395,41.38
229,36.3309,41.31
230,36.27283,41.25
231,36.503265,41.53
232,36.199255,43.075
233,36.988555,40.565
234,36.6517,42.97
235,37.1321,42.505
236,36.40305,42.055
237,37.81534,44.225
238,37.72929,45.435
239,37.615255,44.66
240,38.021005,43.415
241,38.12206,46.355
242,38.01059,49.75
243,38.80303,46.815
244,38.22771,47.87
245,39.13859,47.125
246,39.395025,49.285
247,38.788515,49.76
248,41.020135,48.475
249,41.2214,48.96
250,41.974045,51.23
251,42.892375,51.385
252,43.469585,52.89
253,43.293625,52.28
254,44.96439,53.345
255,43.888235,52.725
256,46.217365,53.85
257,46.881765,53.67
258,45.77964,55.69
259,47.698935,53.515
260,47.89271,55.815
261,47.13467,53.2
262,47.46005,56.85
263,48.74815,56.45
264,47.483925,55.76
265,47.625575,57.495
266,49.30115,55.945
267,49.867885,56.89
268,50.19577,57.385
269,49.7698,58.855
270,50.07701,59.85
271,48.32425,62.855
272,51.090935,60.385
273,51.41564,63.85
274,52.39961,60.59
275,52.706015,60.375
276,53.06588,62.445
277,52.61743,59.38
278,52.59612,63.46
279,53.57115,60.65
280,54.56509,63.235
281,54.883725,61.915
282,55.59242,62.41
283,55.273835,65.025
284,55.959845,62.95
285,55.823465,64.015
286,57.673465,64.225
287,58.076675,65.625
288,58.50716,67.32
289,57.455685,65.565
290,56.913625,66.925
291,59.03295,65.485
292,55.7944,68.58
293,58.8254,67.805
294,59.53979,71.245
295,60.644905,72.835
296,60.8977,73.145
297,60.877325,76.77
298,61.214635,72.795
299,60.332095,74.52
300,63.1185,76.39
301,63.084065,79.405
302,62.98833,82.57
303,65.155205,84.37
304,65.807525,84.52
305,68.02277,84.99
306,70.955435,82.72
307,70.611285,85.695
308,72.557035,85.655
309,74.04628,85.505
310,75.771595,85.01
311,77.07249,88.965
312,76.25213,87.933
313,77.185565,87.85
314,76.570995,88.175
315,77.821135,90.275
316,77.325565,88.445
317,78.827485,91.31
318,79.79165,93.165
319,79.75624,89.89
320,78.700785,91.785
321,77.325595,90.905
322,77.535945,88.655
323,81.57228,92.775
324,81.254715,91.135
325,83.40485,93.24
326,83.234755,92.105
327,82.759505,92.44
328,83.46908,94.385
329,84.174125,94.095
330,85.020065,93.57
331,84.18305,101.04
332,85.379075,97.075
333,83.955365,98.085
334,86.057425,98.805
335,85.025275,104.085
336,87.51517,103.01
337,87.63243,106.585
338,87.610545,105.41
339,90.111795,107.93
340,89.118535,103.755
341,91.40527,103.075
342,90.911435,104.64
343,93.701625,106.555
344,94.718275,107.635
345,93.266115,107.54
346,91.89133,107.26
347,97.333215,107.435
348,94.30988,107.82
349,96.06021,108.045
350,97.8564,108.26
351,98.66128,107.505
352,98.271525,107.72
353,97.83462,109.03
354,99.07136,109.905
355,98.98649,109.44
356,100.157575,109.85
357,100.37325,110.9
358,99.86365,111.455
359,100.540045,112.325
360,100.823475,111.065
361,98.553445,111.435
362,101.737335,111.79
363,102.355035,110.465
364,101.44152,111.575
365,101.608495,117.625
366,103.173285,114.935
367,103.79924,113.415
368,102.316625,114.65
369,104.29223,114.375
370,104.02375,118.375
371,103.18755,116.735
372,104.564245,113.175
373,104.05573,115.295
374,104.664375,116.17
375,102.6573,114.475
376,103.2388,114.8
377,105.87875,115.585
378,105.731765,116.34
379,106.758245,116.91
380,104.270805,113.975
381,106.3762,116.315
382,106.399025,115.915
383,103.97688,118.45
384,107.586755,115.84
385,107.591875,119
386,106.77237,122.005
387,105.00421,116.305
388,107.758275,115.175
389,106.284875,116.505
390,102.792175,119.785
391,104.45774,116.87
392,106.733375,121.905
393,107.323675,116.14
394,107.76008,118.325
395,107.381675,119.165
396,108.006585,121.29
397,109.880825,120.785
398,109.720125,123.835
399,109.472965,123.27
400,111.460325,122.38
401,109.27532,121.965
402,110.68736,124.17
403,111.980955,125.15
404,112.00136,126.89
405,112.00403,126.055
406,113.114605,125.23
407,114.38825,124.7
408,115.313125,123.465
409,112.35553,123.665
410,115.1691,124.06
411,115.905225,125.46
412,114.086425,125.395
413,115.98227,125.115
414,115.01298,127.42
415,113.77929,127.255
416,113.93474,124.74
417,116.02085,125.85
418,112.89307,124.415
419,115.381505,124.635
420,115.45043,123.75
421,113.31944,125.935
422,114.37237,126.325
423,115.78116,127.235
424,113.67371,124.24
425,113.42799,125.487
426,114.856095,125.4
427,116.51083,125.65
428,115.615775,128.745
429,111.634985,125.115
430,115.50764,127.54
431,115.01158,127.255
432,115.192475,126.97
433,113.598275,127.52
434,116.3959,124.34
435,116.1354,127.18
436,114.73502,127.625
437,113.039965,126.395
438,114.257265,128.105
439,115.87435,125.02
440,112.1953,126.855
441,112.23495,127.645
442,116.732055,125.565
443,117.19269,124.83
444,115.401715,126.435
445,117.47975,129.105
446,114.66181,128.775
447,117.05517,128.295
448,117.490885,127.41
449,114.196765,129.405
450,118.29909,129.125
451,118.12596,128.57
452,114.506415,135.955
453,117.990615,129.02
454,117.92601,130.58
455,119.341915,128.73
456,116.491575,132.025
457,118.91975,131.045
458,118.558015,128.875
459,119.293655,130.925
460,116.935045,130.115
461,120.393525,129.555
462,118.62107,130.965
463,121.263085,131.435
464,118.592665,129.78
465,118.934085,133.93
466,120.37665,130.23
467,121.362645,131.96
468,121.943035,132.635
469,122.496385,133.53
470,120.93138,133.155
471,120.40525,133.88
472,122.1246,131.68
473,120.717845,133.295
474,123.75633,134.51
475,122.004025,136.95
476,121.786835,134.39
477,122.861675,134.51
478,123.541825,134.825
479,122.62376,134.68
480,124.498815,135.395
481,124.60484,137.335
482,125.11221,137.81
483,124.939145,138.35
484,125.598825,136.135
485,124.063475,142.935
486,125.611215,137.695
487,125.88848,141.46
488,126.047095,142.01
489,129.605225,142.435
490,129.657165,143.17
491,131.378935,141.665
492,130.07136,144.375
493,132.19165,145.97
494,132.47848,144.655
495,130.643175,145.19
496,132.145125,144.955
497,133.25312,144.43
498,130.39728,146.03
499,132.494695,144.84
500,133.7956,147.035
501,133.2673,148.16
502,131.25464,146.285
503,133.849275,146.495
504,128.00338,149.965
505,133.93856,145.605
506,132.2575,149.775
507,135.639685,150.51
508,135.98035,158.39
509,136.944525,154.36
510,133.279275,156.335
511,133.698015,156.925
512,134.75163,154.99
513,136.73523,160.065
514,137.606015,157.86
515,135.72471,160.615
516,138.305445,159.11
517,142.5703,160.94
518,142.71484,162.755
519,143.03185,161.72
520,142.94138,159.845
521,143.116195,160.92
522,145.46781,163.25
523,148.84412,161.66
524,149.322225,163.59
525,149.66516,162.235
526,151.7915,161.795
527,152.022265,161.93
528,152.325665,165.575
529,153.309325,165.405
530,147.61821,162.81
531,153.283955,163.72
532,149.824605,164.78
533,150.22403,169.845
534,153.1985,167.14
535,153.216595,170.755
536,154.910575,175.32
537,149.602105,168
538,150.9282,182.16
539,153.890265,186.935
540,153.694845,185.3
541,154.71022,183.45
542,155.51703,187.42
543,149.77658,190.985
544,158.00153,190.375
545,160.297995,193.02
546,161.150405,192.845
547,163.84566,196.735
548,171.543195,201.175
549,170.0447,204.075
550,173.4657,203.55
551,167.29776,205.16
552,181.387585,204.535
553,183.50795,217.65
554,183.48309,217.44
555,185.818325,215.4
556,190.949655,219.75
557,184.014945,219.35
558,188.581705,221.275
559,195.85264,222.13
560,193.715275,221
561,198.64486,225.5
562,202.14369,228.19
563,204.208265,223.2
564,204.577615,226.635
565,209.79915,228.47
566,211.678535,232.005
567,213.51407,231.375
568,209.69015,234.32
569,213.43168,233.975
570,208.786215,235.475
571,217.6923,244.09
572,215.41152,241.5
573,217.53584,253.675
574,222.58555,251.995
575,223.55767,253.26
576,225.4627,255.635
577,219.876385,260.145
578,227.39923,259.14
579,228.12317,259.755
580,229.54885,257.73
581,232.592735,257.265
582,236.759405,259.365
583,238.54018,263.769
584,244.989075,263.365
585,247.516715,262.015
586,249.082765,261.04
587,244.8459,268.13
588,251.411245,265.415
589,244.50592,266.535
590,245.29736,266.02
591,244.05804,269.99
592,248.694825,271.395
593,251.66465,271.44
594,252.04398,273.86
595,249.124565,275.31
596,255.175725,273.17
597,253.23455,273.735
598,255.168335,277.245
599,257.96378,275.055
600,255.860115,277.26
601,260.20023,278.375
602,259.51865,277.515
603,263.30973,276.42
604,265.100675,277.265
605,256.22135,277.375
606,262.936325,277.405
607,259.82796,279.185
608,263.97103,277.595
609,263.264265,279.755
610,264.549265,281.625
611,268.213925,284.465
612,259.256725,286.015
613,267.632645,287.6
614,268.312075,284.855
615,259.4566,292.035
616,264.78976,291.665
617,265.37314,283.28
618,260.2057,285.535
619,262.555935,288.87
620,264.74129,285.785
621,263.054395,284.02
622,267.48356,286.755
623,268.140255,285.15
624,265.560045,285.385
625,263.274095,284.08
626,266.745775,287.55
627,268.168765,288.22
628,266.019415,287.935
629,269.217505,290.055
630,270.254475,286.945
631,266.78309,288.54
632,274.77683,286.565
633,270.504245,289.91
634,272.756175,289.985
635,270.680345,292.41
636,273.21188,290.54
637,265.190475,290.375
638,276.0514,291.64
639,275.738725,288.48
640,276.6626,287.17
641,276.739525,289.16
642,271.937435,287.425
643,267.273275,287.97
644,270.791685,288.385
645,272.446065,300.985
646,277.8371,292.79
647,276.10536,288.9
648,279.641925,292.14
649,279.04122,290.915
650,277.128865,290.45
651,273.79609,290.825
652,277.90365,290.315
653,278.045875,289.785
654,274.649915,289.425
655,275.9106,290.325
656,277.02516,290.35
657,276.341795,298.965
658,276.014875,291.73
659,274.250205,288.745
660,276.137955,290.655
661,272.271485,293.24
662,280.03788,294.735
663,279.91825,300.055
664,275.27485,300.385
665,279.620675,300.99
666,280.53344,302.11
667,280.604005,301.485
668,281.405645,303.595
669,282.116625,302.25
670,286.739325,306.425
671,283.117795,304.56
672,290.056915,304.8
673,285.616915,304.35
674,293.020125,307.4
675,291.69885,307.17
676,293.805075,304.425
677,291.735275,303.96
678,294.80309,304.51
679,285.92827,304.485
680,296.65788,304.52
681,295.00539,305.135
682,291.12155,305.265
683,295.703775,306.105
684,294.27161,303.35
685,291.381895,305.83
686,296.744225,305.7
687,294.605135,304.65
688,294.042735,304.995
689,292.750335,304.32
690,295.482475,304.68
691,292.855075,306.31
692,291.72054,305.555
693,289.49012,305.115
694,294.623105,307.96
695,296.04405,305.065
696,293.28861,305.39
697,289.65527,306.905
698,291.282775,321.905
699,290.919965,306.86
700,297.60648,308.49
701,297.00891,306.5
702,292.196805,307.115
703,293.759705,307.13
704,294.98225,306.88
705,295.578945,306.995
706,292.56785,308.365
707,299.579775,308.165
708,296.52161,306.52
709,290.137665,309.92
710,294.37026,306.655
711,294.521505,306.86
712,296.875825,309.545
713,294.971,307.665
714,296.1466,307.585
715,293.053275,307.005
716,296.26363,307
717,297.715405,307.31
718,293.402765,309.95
719,297.623465,306.935
720,292.326735,307.2
721,297.315915,307.43
722,297.512495,308.81
723,296.66624,323.46
724,291.527805,307.985
725,294.8716,307.46
726,296.796255,307.545
727,300.023735,308.845
728,300.060855,308.29
729,293.201015,309.065
730,297.69696,309.92
731,294.92877,309.29
732,298.3523,308.7
733,297.33331,310.66
734,296.07639,308.585
735,298.57207,311.225
736,285.42711,309.595
737,297.402055,308.1
738,295.4627,307.25
739,297.173865,309.445
740,296.764545,309.185
741,300.043065,308.29
742,295.07217,307.68
743,295.44919,309.24
744,299.78146,309.82
745,297.907775,310.875
746,281.848185,308.25
747,297.990845,308.975
748,291.44593,309.39
749,299.010575,309.37
750,294.50429,309.04
751,291.5462,309.165
752,294.512505,309.565
753,294.273415,324.575
754,299.14876,328.955
755,293.029315,329.06
756,298.366355,328.015
757,302.697595,330.565
758,297.365505,327.99
759,301.888725,329.37
760,296.46635,330.325
761,297.204615,329.055
762,295.69564,330.635
763,305.560805,329.395
764,309.114185,330.33
765,315.041825,330.415
766,315.112345,331.125
767,322.278265,329.98
768,317.13645,332.425
769,319.986,330.345
770,316.031685,332.105
771,316.89176,331.585
772,321.872375,330.93
773,319.22616,330.16
774,320.809635,331.4
775,320.83927,331.685
776,321.373875,333.44
777,322.1485,331.71
778,316.446305,332.395
779,319.486315,333.86
780,322.110375,334.185
781,323.13405,332.985
782,314.30451,331.475
783,319.59735,332.67
784,313.48603,332.075
785,316.198215,333.845
786,318.000985,331.98
787,309.688205,335.155
788,321.74053,331.88
789,321.73382,332.93
790,317.10832,334.875
791,314.481575,332.465
792,317.75531,332.09
793,320.208775,333.51
794,323.88142,334.805
795,322.27269,334.335
796,318.024415,333.725
797,318.032995,334.67
798,319.4869,334.215
799,322.702515,335.705
800,324.43787,336.645
801,324.4319,334.015
802,325.45132,335.225
803,326.095705,335.295
804,323.84211,336.655
805,325.46003,337.395
806,325.53377,335.945
807,325.46445,335.71
808,323.266945,335.71
809,327.474195,338.84
810,318.56327,338.25
811,320.45135,338.66
812,324.637775,337.95
813,326.35926,337.32
814,322.603165,339.385
815,328.219975,340.5
816,327.74745,339.075
817,321.97453,338.865
818,325.222215,338.84
819,327.85321,339.37
820,326.336325,339.905
821,328.67356,341.215
822,326.91679,340.98
823,325.17945,342.1
824,325.8971,342.89
825,334.345075,342.545
826,329.862785,343.465
827,327.866475,345.85
828,330.038455,348.03
829,326.57932,346.09
830,325.05936,345.085
831,334.745525,348.15
832,328.110185,345.675
833,335.649175,346.72
834,328.846165,347.14
835,338.590225,347.785
836,334.567155,347.885
837,336.735525,346.955
838,335.630335,348.32
839,324.87153,346.615
840,333.87744,347.27
841,334.919705,348.275
842,336.996085,349.975
843,331.870185,349.86
844,338.919675,352.175
845,337.792575,350.135
846,339.406375,351.445
847,337.03859,352.045
848,337.304555,351.31
849,331.373025,353.755
850,340.03765,353.365
851,327.299575,354.625
852,337.77864,353.45
853,341.77345,355.865
854,338.5494,354.39
855,340.079475,354.4
856,344.919425,354.865
857,346.18666,355.09
858,345.38775,354.82
859,336.286315,355.16
860,336.224525,357.245
861,344.06773,355.31
862,341.004125,355.47
863,346.14048,354.91
864,338.214285,355.425
865,343.70242,355.625
866,339.720985,356.105
867,346.81865,357.295
868,342.11012,355.66
869,348.231075,356.32
870,338.77023,360.475
871,347.42972,357.09
872,343.469765,359.425
873,346.017125,356.19
874,343.72715,358.495
875,345.156755,356.69
876,348.4816,357.4
877,347.272195,356.825
878,340.139555,359.125
879,332.47601,358.23
880,341.28649,359.675
881,349.145025,358.83
882,343.03505,359.68
883,348.029315,356.79
884,346.26675,358.695
885,345.38902,358.7
886,339.29024,358.135
887,349.312305,357.57
888,351.284805,358.61
889,344.73431,357.96
890,348.0574,360.415
891,345.91793,358.34
892,346.030095,359.44
893,344.00205,358.985
894,349.163895,360.85
895,349.358285,358.2
896,349.488675,361.215
897,346.177815,360.655
898,349.873125,358.635
899,347.51042,357.695
900,348.7101,358.835
901,343.94604,359.08
902,350.262875,360.46
903,348.941535,361.015
904,346.92952,360.535
905,347.24798,358.99
906,344.02365,359.97
907,340.739,359.245
908,335.392345,359.565
909,345.33496,359.285
910,344.702955,361.01
911,350.326845,362.635
912,349.059445,361.995
913,351.571675,361.085
914,347.82065,360.745
915,343.875485,360.06
916,348.374375,361.225
917,343.4938,360.545
918,351.4804,360.315
919,349.3637,362.02
920,353.485645,361.555
921,349.480625,360.275
922,350.893875,362.56
923,349.16229,363.58
924,345.040575,361.175
925,353.2999,363.4
926,350.15301,360.685
927,350.06848,362.02
928,342.085155,361.335
929,352.84599,361.715
930,345.987235,361.515
931,353.711585,361.565
932,346.05007,360.64
933,343.97659,361.2
934,344.4999,362.235
935,343.66884,363.075
936,344.637955,362.16
937,350.631595,362.11
938,350.36961,360.58
939,353.774905,363.37
940,354.45509,360.42
941,354.627445,361.885
942,349.290015,363.22
943,351.7443,363.61
944,352.70622,363.41
945,351.5621,362.025
946,346.028995,362.785
947,347.251025,361.315
948,355.423075,363.63
949,354.8216,361.26
950,346.993835,361.355
951,345.981125,361.025
952,350.861845,362.715
953,351.82847,363.15
954,345.35697,368.075
955,349.5766,370.625
956,343.60829,371.035
957,351.542375,372.9
958,348.77254,373.475
959,348.424755,372.155
960,345.827275,376.695
961,354.503995,375.12
962,350.43292,371.545
963,335.31025,372.865
964,352.889025,374.13
965,355.94745,375.87
966,355.397775,375.805
967,347.580085,374.89
968,349.806535,374.515
969,342.580385,375.15
970,360.34765,376.61
971,359.0242,378.485
972,366.508175,376.775
973,367.40892,377.02
974,356.58304,378.65
975,357.59015,377.5
976,364.902255,375.595
977,365.251285,377.51
978,364.643055,376.51
979,361.166585,377.995
980,359.716055,378.22
981,363.342055,377.855
982,365.195865,378.055
983,360.8118,377.985
984,360.02304,378.765
985,368.13339,380.245
986,357.83927,381.315
987,359.381035,378.42
988,369.942095,378.975
989,368.498395,382.915
990,370.33641,380.625
991,370.180015,379.53
992,365.86067,382.13
993,364.954275,381.975
994,372.4447,384.045
995,370.11516,382.875
996,369.97431,383.64
997,358.97148,382.815
998,367.55754,382.745
999,366.553915,382.81
1000,372.936355,384.68
1001,371.385725,384.08
1002,373.1885,383.75
1003,374.868255,384.73
1004,363.305435,383.93
1005,373.3312,383.635
1006,367.341645,384.14
1007,367.38258,385.09
1008,369.95646,383.98
1009,368.825115,385.08
1010,371.037945,383.62
1011,366.82992,383.075
1012,377.4821,383.935
1013,375.388795,386.835
1014,377.036875,386.98
1015,365.192995,386.11
1016,374.145975,387.195
1017,374.178925,386.9
1018,371.51053,386.175
1019,374.020175,387.455
1020,374.372515,387.72
1021,373.276055,387.77
1022,371.16132,387.72
1023,374.11409,388.415
1024,377.67672,387.975
1025,372.521675,389.295
1026,370.79633,389.13
1027,379.61692,389.475
1028,381.421195,390.595
1029,380.20835,389.115
1030,375.41489,390.415
1031,379.064995,388.84
1032,379.87347,389.34
1033,371.50995,390.12
1034,378.739775,388.965
1035,381.5481,389.19
1036,377.47542,388.69
1037,373.5279,389.925
1038,371.69571,389.765
1039,379.152515,389.77
1040,377.983345,390.25
1041,381.12755,392.955
1042,377.36052,390.495
1043,374.11241,390.22
1044,373.19858,390.54
1045,375.957395,389.33
1046,377.654075,389.58
1047,375.23025,389.165
1048,362.328275,392.01
1049,374.92791,390.205
1050,370.05784,389.825
1051,374.802225,390.82
1052,373.663275,390.68
1053,374.021735,388.995
1054,376.96918,390.475
1055,381.52295,389.88
1056,357.052075,390.54
1057,376.115225,388.44
1058,373.66338,388.405
1059,376.844025,388.86
1060,371.434955,390.085
1061,380.267025,389.6
1062,381.005735,388.625
1063,378.493555,391.195
1064,373.154995,389.195
1065,370.56479,388.59
1066,376.249765,390.43
1067,376.68003,388.735
1068,379.520275,389.085
1069,375.53685,389.99
1070,374.834395,389.62
1071,377.392575,388.61
1072,373.56963,389.075
1073,370.89642,390.445
1074,383.434075,390.465
1075,372.88064,390.075
1076,379.34089,390
1077,378.98336,389.845
1078,378.718995,389.515
1079,380.25949,389.795
1080,376.71166,390.515
1081,378.933745,389.925
1082,377.896525,388.755
1083,375.746165,389.235
1084,381.44595,390.105
1085,377.560125,390.95
1086,379.30214,389.695
1087,382.898075,388.995
1088,377.310835,390.72
1089,379.569775,389.785
1090,376.623145,390.3
1091,379.053765,389.49
1092,381.96137,388.595
1093,382.76334,389.225
1094,377.93745,389.21
1095,376.99086,390.37
1096,379.445295,388.37
1097,378.4977,388.845
1098,361.153785,393.385
1099,375.8984,389.795
1100,378.54221,390.04
1101,376.344935,388.605
1102,380.31457,389.68
1103,381.17709,389.285
1104,375.699775,390.555
1105,372.880975,389.22
1106,378.213505,390.155
1107,376.675955,388.83
1108,371.90947,390.25
1109,380.9241,389.425
1110,380.007575,390.205
1111,380.35776,389.895
1112,379.65917,390.585
1113,377.95795,390.655
1114,372.706495,389.48
1115,380.725675,389.425
1116,380.88085,389.68
1117,372.3786,389.485
1118,370.962275,389.77
1119,379.89391,390.665
1120,375.870135,388.845
1121,378.5484,389.595
1122,375.223545,390.315
1123,375.090465,388.935
1124,380.200335,389.685
1125,373.7655,389.875
1126,376.61773,389.35
1127,378.32549,389.05
1128,383.173185,391.835
1129,375.423045,390.545
1130,372.90598,389.63
1131,381.420575,390.285
1132,378.581975,389.105
1133,373.84033,389.71
1134,376.434425,390.86
1135,382.7189,390.975
1136,380.645585,390.94
1137,380.023535,392.875
1138,377.95824,391.545
1139,382.071945,390.445
1140,379.957145,391.61
1141,382.6804,392.745
1142,380.475325,392.5
1143,380.99413,392.16
1144,380.0339,394.235
1145,384.3891,393.335
1146,370.67875,393.49
1147,384.021935,393.195
1148,383.33756,392.52
1149,383.897775,393.81
1150,382.734375,392.315
1151,380.58262,394.74
1152,380.95391,393.42
1153,378.42052,393.835
1154,382.92636,392.95
1155,379.814675,393.695
1156,379.416235,392.715
1157,382.23151,391.55
1158,377.19316,393.14
1159,380.591795,394.29
1160,384.9484,394.41
1161,368.65492,393.57
1162,376.42446,394.745
1163,379.143255,392.375
1164,380.78141,393.23
1165,386.239,393.46
1166,383.217295,392.525
1167,385.656035,392.285
1168,375.336625,393.54
1169,386.54728,393.745
1170,376.89914,392.695
1171,379.368815,394.43
1172,383.48463,394.895
1173,376.422615,394.025
1174,386.587435,392.755
1175,379.052595,392.51
1176,384.749125,394.425
1177,384.4818,393.985
1178,387.082275,393.68
1179,381.1852,392.59
1180,382.387315,394.9
1181,387.657975,392.665
1182,381.26351,393.405
1183,386.64441,393.525
1184,383.960615,392.345
1185,360.311045,393.38
1186,386.155025,393.475
1187,380.034625,397.905
1188,382.084075,395.185
1189,381.19107,395.69
1190,381.086985,398.34
1191,385.91595,396.01
1192,374.049375,396.9
1193,380.45459,396.715
1194,379.375505,396.315
1195,382.02663,398.29
1196,388.452925,395.37
1197,375.855745,397.295
1198,386.935275,399.53
1199,384.8147,399.37
1200,385.1217,397.005
1201,371.67695,397.24
1202,391.257355,401.415
1203,373.933345,397.43
1204,386.275425,401.145
1205,389.754675,397.245
1206,386.409635,397.445
1207,390.738025,398.325
1208,382.650225,398.42
1209,380.736615,397.265
1210,390.65408,397.55
1211,387.495655,397.515
1212,385.164,398.595
1213,380.133865,397.74
1214,389.13605,398.54
1215,386.66172,399.955
1216,384.023705,397.37
1217,389.809225,397.925
1218,391.88505,398.55
1219,390.0079,397.77
1220,384.04673,398.47
1221,381.89295,398.77
1222,383.64685,401.12
1223,388.34856,399.73
1224,390.574275,398.725
1225,382.06565,398.415
1226,388.754085,397.6
1227,384.477675,398.015
1228,382.51462,398.24
1229,386.022005,398.085
1230,383.311255,396.87
1231,383.15871,398.12
1232,382.897235,399.06
1233,383.440405,398.345
1234,385.26435,399.245
1235,384.368975,399.525
1236,387.2642,400.695
1237,387.29195,400.745
1238,387.02312,398.625
1239,387.70882,399.355
1240,387.155155,400.605
1241,385.5544,399.505
1242,390.09855,400.885
1243,385.48913,403.42
1244,393.670875,402.53
1245,374.853675,402.155
1246,381.563925,401.495
1247,380.007985,402.285
1248,372.197515,403.37
1249,391.429565,401.71
1250,388.79058,402.315
1251,384.20499,401.49
1252,392.22746,401.72
1253,383.355125,400.99
1254,395.130365,404.35
1255,387.21955,402.115
1256,392.788065,403.145
1257,376.775055,400.745
1258,391.26196,401.865
1259,382.268785,403.17
1260,389.646015,402.745
1261,393.2132,402.5
1262,389.157225,403.48
1263,378.38556,401.995
1264,393.373875,402.4
1265,389.643285,402.01
1266,393.202475,403.135
1267,384.65339,402.79
1268,384.659095,401.65
1269,392.340745,402.38
1270,384.89308,401.73
1271,388.807905,402.87
1272,391.4532,401.31
1273,394.14327,404.895
1274,388.80714,401.86
1275,382.930615,402.975
1276,390.01011,402.42
1277,392.995485,403.465
1278,382.178055,401.325
1279,385.75709,402.525
1280,395.166095,403.045
1281,380.37925,404.59
1282,386.44955,402.005
1283,392.628475,403.615
1284,385.90282,402.97
1285,392.153975,403.48
1286,387.944455,402.68
1287,384.44686,402.785
1288,390.660225,404.135
1289,393.326485,402.57
1290,394.796975,403.665
1291,387.0131,403.635
1292,392.63274,406.55
1293,391.36658,405.45
1294,388.82578,404.545
1295,387.45656,404.375
1296,391.192635,404.52
1297,397.05881,405.35
1298,386.215015,407.515
1299,391.005865,403.67
1300,391.08929,405.05
1301,392.16253,406.14
1302,395.68789,403.945
1303,390.48907,406.09
1304,394.144815,405.875
1305,392.13957,404.885
1306,392.29794,405.21
1307,387.2198,406.325
1308,395.31125,406.695
1309,393.63985,405.245
1310,396.37485,405.71
1311,386.4405,405.585
1312,390.53725,407.75
1313,394.414005,406.925
1314,391.071445,407.1
1315,395.741225,405.885
1316,394.260115,406.54
1317,389.16311,407.41
1318,395.20235,406.94
1319,397.74858,407.49
1320,390.806725,407.16
1321,394.393005,407.64
1322,398.743875,409.125
1323,397.702975,406.81
1324,396.5078,408.13
1325,393.876325,406.605
1326,396.538625,407.445
1327,383.749425,408.59
1328,398.905975,409.775
1329,398.27884,408
1330,389.740975,408.565
1331,386.72083,409.13
1332,391.424395,408.05
1333,397.36509,409.2
1334,401.50451,408.585
1335,399.51508,407.305
1336,401.98785,408.865
1337,399.177375,408.495
1338,397.639425,409.235
1339,394.174345,408.3
1340,393.886265,408.33
1341,398.582165,408.27
1342,395.46901,407.52
1343,400.144925,408.705
1344,394.227515,408.095
1345,400.12511,407.61
1346,394.726705,408.67
1347,399.94214,407.845
1348,394.17315,407.66
1349,392.841275,407.42
1350,392.04849,408.375
1351,391.661735,408.36
1352,400.68685,409.2
1353,391.00618,408.9
1354,399.68314,409.415
1355,398.082275,407.51
1356,387.10016,408.375
1357,392.96905,408.32
1358,398.27229,408.16
1359,393.32112,408.095
1360,393.09148,408.935
1361,386.93376,409.74
1362,401.1118,408.08
1363,398.59147,408.125
1364,398.375895,409.31
1365,379.121655,407.975
1366,394.41591,407.89
1367,395.1192,407.43
1368,399.56985,408.21
1369,394.836465,407.75
1370,399.175025,408.545
1371,398.93212,409.3
1372,396.69385,409.9
1373,395.223475,409.675
1374,392.320365,408.45
1375,397.61373,408.25
1376,391.926625,409.46
1377,400.064975,409.14
1378,391.44286,409.83
1379,394.91684,408.69
1380,392.42129,408.855
1381,397.493875,408.67
1382,400.618375,408.965
1383,400.6666,407.505
1384,389.458195,409.595
1385,396.664225,407.945
1386,394.967875,407.87
1387,398.50786,408.63
1388,389.309775,408.105
1389,393.75565,407.93
1390,394.87525,409.415
1391,397.12298,410.1
1392,389.772255,408.615
1393,397.408445,409.74
1394,393.762435,409.49
1395,395.728105,409.64
1396,396.194175,408.2
1397,392.699175,409.28
1398,388.354025,408.265
1399,394.966875,409.95
1400,387.462695,408.52
1401,390.831825,409.77
1402,397.1524,407.48
1403,402.11505,409.475
1404,395.298915,408.935
1405,390.048705,409.325
1406,389.82977,408.075
1407,397.55811,407.91
1408,391.220305,409.01
1409,396.020705,410.02
1410,388.565745,408.425
1411,390.82882,409.03
1412,399.951495,408.435
1413,379.78765,408.185
1414,397.47984,409.685
1415,394.6449,408.98
1416,393.671835,409.945
1417,399.132305,409.05
1418,396.998745,408.355
1419,396.200795,409.38
1420,395.452165,408.185
1421,395.896975,407.05
1422,400.276175,408.995
1423,380.32331,408.165
1424,400.70117,409.75
1425,400.289425,408.33
1426,393.00651,406.785
1427,388.674255,409.555
1428,399.15481,408.6
1429,393.7544,408.955
1430,398.56465,407.555
1431,390.492275,408.925
1432,393.18471,409.505
1433,397.8285,407.91
1434,397.87215,409.145
1435,395.65837,409.86
1436,391.661445,408.74
1437,391.909775,408.24
1438,393.879135,407.88
1439,389.9408,407.765
1440,398.117265,407.745
1441,399.770755,407.89
1442,394.80725,408.185
1443,394.677175,407.475
1444,393.915925,407.28
1445,395.75845,408.91
1446,378.852345,409.115
1447,389.50964,408.285
1448,392.1967,408.475
1449,401.67502,407.76
1450,395.96935,408.755
1451,392.916,411.415
1452,392.00404,408.925
1453,399.82135,407.77
1454,400.684765,408.51
1455,395.97249,408.71
1456,396.82218,408.91
1457,396.744715,409.855
1458,394.638125,410.65
1459,385.31617,409.15
1460,395.040235,409.355
1461,397.302165,408.105
1462,389.96092,409.045
1463,394.026865,409.945
1464,399.4646,408.845
1465,392.557195,408.79
1466,390.677845,408.855
1467,400.60118,407.81
1468,396.745585,406.945
1469,391.9425,409.665
1470,391.75118,408.25
1471,393.845615,409.69
1472,393.223925,408.245
1473,396.993525,408.52
1474,396.410885,407.89
1475,393.334685,410.66
1476,393.294415,408.21
1477,397.359915,407.82
1478,401.43185,408.32
1479,396.398625,408.115
1480,397.408965,407.67
1481,399.877425,409.075
1482,396.69269,410.42
1483,400.93059,409.405
1484,393.346225,408.575
1485,395.091225,407.865
1486,391.552525,409.535
1487,398.40515,408.31
1488,394.784065,409.55
1489,394.379075,409.08
1490,397.517165,408.85
1491,392.31354,407.38
1492,385.68219,408.04
1493,397.79051,408.565
1494,371.96576,412.41
1495,393.64262,409.105
1496,395.189435,411.735
1497,398.423625,410.51
1498,398.605425,412.555
1499,402.057315,410.44
1500,391.74141,411.545
1501,395.922175,417.22
1502,390.938485,415.135
1503,398.9191,412.795
1504,401.160655,411.7
1505,400.5952,414.72
1506,401.7886,411.87
1507,399.96501,413.535
1508,397.859395,412.495
1509,389.88641,411.905
1510,396.815275,412.905
1511,400.485905,415.525
1512,402.490925,413.82
1513,402.6673,412.585
1514,401.084525,413.075
1515,398.709995,415.135
1516,402.57905,415.755
1517,403.694475,417.02
1518,400.59931,417.835
1519,394.30241,415.485
1520,404.4965,416.375
1521,404.16287,418.06
1522,404.188195,416.665
1523,392.522245,417.705
1524,405.0235,417.815
1525,397.41998,417.935
1526,409.895165,416.715
1527,408.9236,418.595
1528,406.61883,417.72
1529,388.299425,418.975
1530,402.958255,419.09
1531,405.60984,417.81
1532,401.52682,418.665
1533,404.97726,417.765
1534,403.800935,419.67
1535,405.396035,417.145
1536,409.476475,417.71
1537,403.21541,419.095
1538,397.10686,419.285
1539,409.124065,417.235
1540,405.50009,417.495
1541,391.881475,416.465
1542,404.14045,418.64
1543,395.799525,417.13
1544,405.025475,418.98
1545,405.15311,417.225
1546,402.003825,417.095
1547,403.28646,417.365
1548,397.58004,416.835
1549,407.6727,417.395
1550,398.83118,417.835
1551,407.72308,417.78
1552,408.2853,418.445
1553,405.94632,419.005
1554,406.7868,417.945
1555,404.080765,416.52
1556,400.240445,418.96
1557,404.892135,417.945
1558,404.623965,418.17
1559,394.03567,417.575
1560,409.33007,419.085
1561,404.0921,417.805
1562,405.636945,417.87
1563,404.506105,416.535
1564,405.672735,417.49
1565,411.050125,420.86
1566,406.28109,419.765
1567,405.433375,417.9
1568,406.055385,418.175
1569,402.433195,418.37
1570,406.244505,418.455
1571,389.809135,416.895
1572,408.15475,417.715
1573,401.67537,418.645
1574,409.15755,417.225
1575,399.280785,418.18
1576,399.130285,416.5
1577,405.890515,417.215
1578,395.513675,417.35
1579,405.537775,416.925
1580,405.8059,416.38
1581,406.887,417.16
1582,408.82005,417.65
1583,404.221125,418.455
1584,401.67626,417.285
1585,408.7417,418.005
1586,407.25875,418.63
1587,409.217265,417.27
1588,402.098585,415.525
1589,399.562195,417.445
1590,402.67956,417.27
1591,404.532125,420.965
1592,399.41693,417.745
1593,399.62738,418.935
1594,402.079665,416.525
1595,405.22601,418.855
1596,403.87225,418.445
1597,405.204095,417.215
1598,404.84241,417.925
1599,402.347695,418.54
1600,406.22623,417.78
1601,404.24489,417.335
1602,408.79495,417.355
1603,396.57007,418.59
1604,400.263855,418.72
1605,409.95155,417.93
1606,405.49255,418.275
1607,407.55098,417.745
1608,402.89177,418.135
1609,400.000905,417.645
1610,408.47145,418.335
1611,405.49165,419.355
1612,410.4918,417.815
1613,401.348445,416.675
1614,404.50545,418.44
1615,400.51323,417.445
1616,403.80045,416.39
1617,402.956655,417.53
1618,409.855555,418.275
1619,404.630035,417.675
1620,404.29954,419.245
1621,402.108325,417.45
1622,403.3222,419.375
1623,399.690895,417.86
1624,406.83091,419.71
1625,403.86263,418.155
1626,400.7647,417.385
1627,400.871855,418.15
1628,400.98957,418.015
1629,402.757575,419.14
1630,401.93495,419.04
1631,408.36525,418.505
1632,409.05175,418.08
1633,406.43181,418.345
1634,403.739515,418.56
1635,410.061875,421.38
1636,403.75174,417.875
1637,404.401495,418.535
1638,403.70625,420.515
1639,395.031455,418.215
1640,403.449835,421.13
1641,407.90982,419.845
1642,404.60038,419.035
1643,402.045775,420.625
1644,408.626475,420.66
1645,409.090195,420.45
1646,410.667595,421.56
1647,408.885135,423.1
1648,400.230225,421.32
1649,407.67108,421.7
1650,403.653625,425.31
1651,403.73112,421.54
1652,401.892285,425.095
1653,405.594805,420.91
1654,408.890635,424.035
1655,403.21184,423.65
1656,395.582475,422.735
1657,406.135035,424.05
1658,410.586025,424.395
1659,401.33413,423.82
1660,411.51808,425.03
1661,396.7637,423.855
1662,410.0455,426.055
1663,407.77907,427.69
1664,407.413995,425.37
1665,412.732595,426.125
1666,413.5652,427.21
1667,411.20375,426.365
1668,412.10415,426.33
1669,410.167265,424.84
1670,396.06566,425.05
1671,417.9424,425.415
1672,415.83893,425.425
1673,411.57974,425.025
1674,403.48575,425.405
1675,412.33171,425.19
1676,409.167225,425.31
1677,412.658265,426.47
1678,409.94814,424.745
1679,416.09325,425.83
1680,407.557515,425.305
1681,408.612525,424.6
1682,410.89333,425.33
1683,410.9776,425.1
1684,416.68901,425.71
1685,415.26223,426.735
1686,409.71793,425.125
1687,415.83982,425.31
1688,416.021325,426.985
1689,411.57445,427.25
1690,401.955025,425.38
1691,401.81077,427.185
1692,412.27667,426.035
1693,412.414625,424.44
1694,416.568175,426.305
1695,416.561475,426.115
1696,412.778625,426.285
1697,416.49435,426.425
1698,418.40035,427.945
1699,414.270105,426.51
1700,412.49955,425.485
1701,388.443175,425.725
1702,407.9372,425.18
1703,412.21225,425.485
1704,416.72875,425.675
1705,411.165275,427.1
1706,409.47715,427.14
1707,408.7144,427.345
1708,415.56062,425.96
1709,412.46078,426.595
1710,410.9418,426.005
1711,412.983215,427.09
1712,412.281315,427.555
1713,405.592965,428.075
1714,414.647285,428.165
1715,411.115135,425.44
1716,417.609315,427.035
1717,416.232645,426.985
1718,411.758375,427.45
1719,415.044825,427.395
1720,413.0576,427.48
1721,414.33849,431.39
1722,413.792015,428.1
1723,411.336375,426.83
1724,410.7726,427.935
1725,416.31617,428.11
1726,418.81444,427.46
1727,413.57275,426.385
1728,409.101765,426.95
1729,406.321705,426.66
1730,406.981875,428.12
1731,412.484575,426.255
1732,394.55911,427.305
1733,403.559585,429.025
1734,405.64747,427.25
1735,412.93949,428.32
1736,414.51432,427.765
1737,406.547485,427.745
1738,415.681805,430.235
1739,415.0222,426.955
1740,420.340535,427.525
1741,404.29356,428.215
1742,415.28478,427.19
1743,417.51474,429.565
1744,409.23751,426.75
1745,420.401925,428.405
1746,419.41081,426.905
1747,412.5381,428.22
1748,416.899635,429.025
1749,410.799675,431.95
1750,406.82401,427.54
1751,417.97055,428.51
1752,412.09288,428.175
1753,413.223075,428.055
1754,405.60764,429.775
1755,416.12255,428.975
1756,416.265125,429.17
1757,417.517425,428.33
1758,419.490475,429.255
1759,417.586285,428.245
1760,407.71264,428.655
1761,415.267935,427.815
1762,415.309275,429.07
1763,415.820175,427.95
1764,413.56382,429.715
1765,415.4929,429.5
1766,416.57235,429.225
1767,403.827145,429.665
1768,419.52575,428.695
1769,417.310615,428.32
1770,411.49377,429.66
1771,416.113535,428.335
1772,409.25253,428.345
1773,419.5416,430.015
1774,409.735425,428.915
1775,409.231005,428.95
1776,416.45022,428.19
1777,411.85919,428.475
1778,411.412665,430.74
1779,412.614155,429.255
1780,413.15484,429.73
1781,416.210575,430.86
1782,412.498725,429.57
1783,410.433585,429.615
1784,416.69069,431.03
1785,414.347675,431.87
1786,420.471575,431.31
1787,415.27255,429.8
1788,405.489,429.535
1789,412.71386,431.675
1790,404.12393,429.605
1791,415.64062,431.065
1792,414.74682,430.62
1793,416.24735,431.855
1794,416.606105,432.665
1795,418.327185,430.62
1796,413.527495,433.355
1797,418.90108,431.105
1798,420.77895,431.965
1799,416.665705,431.52
1800,417.0903,430.48
1801,422.760325,432.865
1802,410.64918,432.59
1803,420.5891,431.735
1804,420.5296,431.98
1805,411.60798,433.345
1806,412.669355,432.325
1807,418.009975,431.305
1808,417.817055,432.675
1809,421.410515,433.39
1810,418.518255,432.085
1811,420.611655,432.1
1812,418.67919,433.715
1813,413.35764,432.465
1814,423.300475,431.695
1815,413.269725,434.69
1816,416.624405,433.46
1817,423.047375,430.6
1818,420.317675,433.265
1819,411.47335,431.1
1820,422.9759,431.645
1821,412.579915,432.005
1822,422.81144,432.875
1823,418.2912,431.365
1824,418.861335,431.595
1825,416.62738,432.895
1826,410.942795,433.79
1827,412.197545,431.74
1828,419.455425,432.505
1829,419.08967,431.93
1830,423.277825,432.55
1831,420.63894,433.845
1832,420.331965,433.775
1833,415.837425,431.785
1834,423.11131,432.715
1835,422.70545,431.91
1836,419.9567,433.235
1837,419.548735,434.18
1838,415.518255,431.59
1839,418.02835,433.385
1840,419.865865,431.83
1841,414.920465,431.92
1842,419.369755,431.78
1843,419.12693,431.935
1844,416.9542,432.29
1845,421.99445,432.245
1846,423.567285,432.255
1847,415.34526,432.255
1848,417.43015,434.57
1849,418.966635,432.855
1850,420.677875,431.865
1851,422.00745,432.415
1852,415.87244,432.43
1853,422.081905,431.695
1854,391.3435,431.88
1855,418.932325,433.145
1856,417.737805,432.475
1857,410.389975,432.9
1858,400.727575,433.455
1859,418.88474,431.85
1860,419.500055,433.995
1861,416.710425,432.71
1862,414.872845,433.615
1863,417.83734,433.275
1864,421.12588,431.97
1865,416.65024,433.3
1866,422.074475,433.315
1867,420.48925,435.435
1868,420.17802,433.215
1869,422.828925,433.14
1870,425.809325,433.805
1871,408.0529,433.17
1872,420.17785,434.56
1873,415.97504,434.98
1874,414.516355,433.295
1875,420.54551,434.605
1876,412.00739,433.905
1877,420.154505,434.87
1878,418.21654,433.53
1879,399.771725,433.98
1880,415.015585,434.455
1881,412.17482,433.61
1882,401.7067,434.445
1883,408.30895,434.595
1884,413.32174,434.3
1885,422.975125,436.03
1886,413.92972,433.74
1887,419.71966,434.965
1888,419.673485,435.005
1889,423.052405,435.555
1890,413.8387,435.275
1891,420.46629,435.31
1892,420.19225,436.055
1893,423.587895,434.83
1894,421.18374,435.7
1895,416.011775,435.29
1896,422.140225,434.675
1897,421.41581,435.67
1898,422.597405,434.345
1899,424.55265,434.895
1900,408.19099,434.97
1901,425.981175,435.22
1902,419.952875,434.44
1903,406.553775,434.76
1904,414.699745,436.27
1905,419.52845,435.1
1906,410.434365,435.365
1907,422.118935,435.35
1908,425.58668,434.76
1909,419.16842,435.77
1910,425.660025,436.505
1911,425.413075,436.34
1912,409.21588,435.615
1913,425.03535,434.72
1914,428.76824,435.905
1915,425.244805,435.63
1916,420.09455,436.57
1917,420.683615,436.445
1918,425.461375,435.705
1919,418.19458,434.53
1920,428.3447,435.21
1921,427.914725,436.495
1922,417.728875,435.135
1923,421.69368,435.6
1924,418.4051,437.465
1925,420.736865,435.675
1926,422.89425,436.375
1927,420.445605,437.11
1928,419.539015,435.735
1929,421.765035,436.85
1930,410.088155,437.295
1931,422.359675,437.53
1932,411.22226,437.55
1933,420.091665,436.595
1934,422.66556,436.5
1935,425.553925,436.545
1936,424.76398,438.655
1937,423.83305,435.785
1938,425.026495,437.21
1939,419.681505,436.185
1940,421.9212,438.38
1941,428.24285,436.635
1942,422.95479,436.67
1943,422.380325,437.34
1944,425.7994,436.43
1945,414.761805,435.795
1946,418.57835,436.95
1947,384.85507,436.26
1948,416.606565,441.93
1949,423.316925,437.165
1950,414.964255,438.53
1951,421.56118,437.72
1952,427.759125,437.495
1953,428.64895,439.975
1954,423.162475,436.29
1955,426.811065,438.145
1956,418.529375,436.645
1957,424.1966,437.01
1958,425.53247,436.93
1959,421.4485,435.83
1960,422.8155,436.285
1961,421.388675,437.695
1962,412.332285,435.865
1963,424.34305,436.965
1964,422.43425,437.305
1965,425.53465,438.745
1966,426.814075,438.065
1967,423.080385,436.365
1968,423.06289,437.12
1969,422.125845,438.44
1970,428.06876,437.325
1971,422.280405,437.73
1972,425.556665,437.36
1973,418.92286,437.235
1974,423.26225,437.28
1975,429.37524,438.255
1976,423.37363,437.425
1977,415.99689,436.815
1978,424.29258,435.555
1979,418.221125,437.385
1980,414.951795,437.825
1981,425.0615,436.95
1982,414.4708,436.635
1983,419.50865,436.345
1984,418.093905,436.18
1985,425.16577,439.12
1986,425.121975,436.75
1987,422.262335,437.365
1988,423.99038,437.01
1989,422.535515,435.99
1990,422.050115,437.23
1991,417.87366,436.445
1992,423.485525,436.51
1993,422.74567,436.93
1994,420.37399,437.045
1995,425.765115,436.835
1996,425.341725,438.625
1997,420.777305,438.495
1998,420.72985,437.26
1999,424.950625,437.25
